<?xml version="1.0" encoding="UTF-8"?>
<con:soapui-project id="41fdac1a-da1f-4017-ae1d-3b03ef186047" activeEnvironment="Default" name="REST Project 1" soapui-version="5.4.0" abortOnError="false" runType="SEQUENTIAL" resourceRoot="${projectDir}" xmlns:con="http://eviware.com/soapui/config"><con:settings/><con:interface xsi:type="con:RestService" id="13eff159-ae7a-49f6-bd55-75972a4606d4" wadlVersion="http://wadl.dev.java.net/2009/02" name="http://192.168.15.14:8181" type="rest" xmlns:xsi="http://www.w3.org/2001/XMLSchema-instance"><con:settings/><con:definitionCache/><con:endpoints><con:endpoint>http://192.168.15.14:8181</con:endpoint></con:endpoints><con:resource name="Hello" path="/RestAPI/rest/hello/7876" id="3973ca5d-6490-4352-a077-0f40f80755e8"><con:settings/><con:parameters/><con:method name="Hello 1" id="60098eea-05a5-492d-bcde-4ca7497418a8" method="GET"><con:settings/><con:parameters/><con:representation type="FAULT"><con:mediaType>text/html;charset=utf-8</con:mediaType><con:status>404</con:status><con:params/><con:element>html</con:element></con:representation><con:representation type="RESPONSE"><con:mediaType>text/html</con:mediaType><con:status>200</con:status><con:params/><con:element>h1</con:element></con:representation><con:representation type="RESPONSE"><con:mediaType>text/plain</con:mediaType><con:status>200</con:status><con:params/><con:element>data</con:element></con:representation><con:request name="Request 1" id="ec4f71a1-16ec-4340-876d-b602a063537a" mediaType="application/json"><con:settings><con:setting id="com.eviware.soapui.impl.wsdl.WsdlRequest@request-headers">&lt;xml-fragment/></con:setting></con:settings><con:endpoint>http://192.168.15.16:8080</con:endpoint><con:request/><con:originalUri>http://192.168.15.14/RestAPI/hello</con:originalUri><con:credentials><con:authType>No Authorization</con:authType></con:credentials><con:jmsConfig JMSDeliveryMode="PERSISTENT"/><con:jmsPropertyConfig/><con:parameters/></con:request></con:method></con:resource></con:interface><con:properties/><con:wssContainer/><con:oAuth2ProfileContainer/><con:oAuth1ProfileContainer/><con:sensitiveInformation/></con:soapui-project>